"action_id","name","description","action_type","issue_area","risk","status","layer","script_path","no_admin","no_credential","no_target_list","mutation_approved"
"ENDUSER_APPSELFHELP_OFFICE_CLICKTORUN_SERVICE_STATUS_V2","Office ClickToRun service status","Checks the Microsoft Office ClickToRun service status without changing it.","App self-help check","Office","low","candidate","action-layers/windows/end-user/app-self-help-v1","action-layers/windows/end-user/app-self-help-v1/scripts/checks/441-office-clicktorun-service-status-v2.ps1","true","true","true","false"
"ENDUSER_APPSELFHELP_OFFICE_APPX_PACKAGE_COUNT_V2","Office Appx package count","Counts user-visible Microsoft Office Appx packages without listing account data.","App self-help check","Office","low","candidate","action-layers/windows/end-user/app-self-help-v1","action-layers/windows/end-user/app-self-help-v1/scripts/checks/442-office-appx-package-count-v2.ps1","true","true","true","false"
"ENDUSER_APPSELFHELP_OFFICE_PROCESS_GROUP_V2","Office process group count","Counts common Office application processes without reading documents.","App self-help check","Office","low","candidate","action-layers/windows/end-user/app-self-help-v1","action-layers/windows/end-user/app-self-help-v1/scripts/checks/443-office-process-group-v2.ps1","true","true","true","false"
"ENDUSER_APPSELFHELP_OFFICE_APP_ERRORS_24H_V1","Office application warning/error count 24h","Counts recent Application log warnings/errors as an Office-adjacent signal without collecting raw events.","App self-help check","Office","low","candidate","action-layers/windows/end-user/app-self-help-v1","action-layers/windows/end-user/app-self-help-v1/scripts/checks/444-office-app-errors-24h.ps1","true","true","true","false"
"ENDUSER_APPSELFHELP_OFFICE_APP_ERRORS_7D_V1","Office application warning/error count 7d","Counts Application log warnings/errors over seven days without collecting raw events.","App self-help check","Office","low","candidate","action-layers/windows/end-user/app-self-help-v1","action-layers/windows/end-user/app-self-help-v1/scripts/checks/445-office-app-errors-7d.ps1","true","true","true","false"
"ENDUSER_APPSELFHELP_OFFICE_FILE_ASSOC_DOCX_V1","DOCX association presence","Checks whether a DOCX file association is present without recording handler values.","File association check","Office","low","candidate","action-layers/windows/end-user/app-self-help-v1","action-layers/windows/end-user/app-self-help-v1/scripts/checks/446-office-file-assoc-docx.ps1","true","true","true","false"
"ENDUSER_APPSELFHELP_OFFICE_FILE_ASSOC_XLSX_V1","XLSX association presence","Checks whether an XLSX file association is present without recording handler values.","File association check","Office","low","candidate","action-layers/windows/end-user/app-self-help-v1","action-layers/windows/end-user/app-self-help-v1/scripts/checks/447-office-file-assoc-xlsx.ps1","true","true","true","false"
"ENDUSER_APPSELFHELP_OFFICE_FILE_ASSOC_PPTX_V1","PPTX association presence","Checks whether a PPTX file association is present without recording handler values.","File association check","Office","low","candidate","action-layers/windows/end-user/app-self-help-v1","action-layers/windows/end-user/app-self-help-v1/scripts/checks/448-office-file-assoc-pptx.ps1","true","true","true","false"
"ENDUSER_APPSELFHELP_OFFICE_FILE_ASSOC_ONE_V1","OneNote association presence","Checks whether a OneNote file association is present without recording handler values.","File association check","Office","low","candidate","action-layers/windows/end-user/app-self-help-v1","action-layers/windows/end-user/app-self-help-v1/scripts/checks/449-office-file-assoc-one.ps1","true","true","true","false"
"ENDUSER_APPSELFHELP_OFFICE_CACHE_FOLDER_PRESENCE_V1","Office cache folder presence","Checks common Office cache folder presence without listing contents.","Cache visibility check","Office","low","candidate","action-layers/windows/end-user/app-self-help-v1","action-layers/windows/end-user/app-self-help-v1/scripts/checks/450-office-cache-folder-presence.ps1","true","true","true","false"
"ENDUSER_APPSELFHELP_OFFICE_UPLOAD_CENTER_CACHE_PRESENCE_V1","Office upload cache folder presence","Checks Office upload cache folder presence without listing contents.","Cache visibility check","Office","low","candidate","action-layers/windows/end-user/app-self-help-v1","action-layers/windows/end-user/app-self-help-v1/scripts/checks/451-office-upload-center-cache-presence.ps1","true","true","true","false"
"ENDUSER_APPSELFHELP_OFFICE_ENV_PRESENCE_V2","Office environment signal presence","Checks selected Office-related environment variable presence without recording values.","Environment presence","Office","low","candidate","action-layers/windows/end-user/app-self-help-v1","action-layers/windows/end-user/app-self-help-v1/scripts/checks/452-office-env-presence-v2.ps1","true","true","true","false"
"ENDUSER_APPSELFHELP_OFFICE_OPEN_APPS_FEATURES_SETTINGS_V1","Open Apps & features settings","Opens Windows Apps & features so the user can inspect Office install entries.","Open user-help surface","Office","low","candidate","action-layers/windows/end-user/app-self-help-v1","action-layers/windows/end-user/app-self-help-v1/scripts/checks/453-office-open-apps-features-settings.ps1","true","true","true","false"
"ENDUSER_APPSELFHELP_OFFICE_OPEN_DEFAULT_APPS_SETTINGS_V1","Open Default apps settings","Opens Windows Default apps settings for Office file association review.","Open user-help surface","Office","low","candidate","action-layers/windows/end-user/app-self-help-v1","action-layers/windows/end-user/app-self-help-v1/scripts/checks/454-office-open-default-apps-settings.ps1","true","true","true","false"
"ENDUSER_APPSELFHELP_OFFICE_REPAIR_GUIDANCE_PLAN_V1","Office repair guidance plan","Records plan-only guidance for Office repair escalation without changing the system.","Plan-only guidance","Office","low","candidate","action-layers/windows/end-user/app-self-help-v1","action-layers/windows/end-user/app-self-help-v1/scripts/checks/455-office-repair-guidance-plan.ps1","true","true","true","false"
"ENDUSER_APPSELFHELP_OUTLOOK_PROCESS_COUNT_V1","Outlook process count","Counts Outlook processes without reading mail or profile contents.","App self-help check","Outlook","low","candidate","action-layers/windows/end-user/app-self-help-v1","action-layers/windows/end-user/app-self-help-v1/scripts/checks/456-outlook-process-count.ps1","true","true","true","false"
"ENDUSER_APPSELFHELP_OUTLOOK_PROFILE_REG_PRESENCE_V1","Outlook profile registry presence","Checks Outlook profile key presence without recording profile names or values.","Registry presence","Outlook","low","candidate","action-layers/windows/end-user/app-self-help-v1","action-layers/windows/end-user/app-self-help-v1/scripts/checks/457-outlook-profile-reg-presence.ps1","true","true","true","false"
"ENDUSER_APPSELFHELP_OUTLOOK_DEFAULT_MAIL_CLIENT_PRESENCE_V1","Default mail client registry presence","Checks default mail client registry presence without recording values.","Registry presence","Outlook","low","candidate","action-layers/windows/end-user/app-self-help-v1","action-layers/windows/end-user/app-self-help-v1/scripts/checks/458-outlook-default-mail-client-presence.ps1","true","true","true","false"
"ENDUSER_APPSELFHELP_OUTLOOK_MAILTO_ASSOC_PRESENCE_V1","MAILTO association presence","Checks mailto association presence without recording handler values.","File association check","Outlook","low","candidate","action-layers/windows/end-user/app-self-help-v1","action-layers/windows/end-user/app-self-help-v1/scripts/checks/459-outlook-mailto-assoc.ps1","true","true","true","false"
"ENDUSER_APPSELFHELP_OUTLOOK_EVENT_COUNT_24H_V1","Outlook adjacent event count 24h","Counts recent Application warnings/errors as an Outlook-adjacent signal without collecting raw events.","App self-help check","Outlook","low","candidate","action-layers/windows/end-user/app-self-help-v1","action-layers/windows/end-user/app-self-help-v1/scripts/checks/460-outlook-event-count-24h.ps1","true","true","true","false"
"ENDUSER_APPSELFHELP_OUTLOOK_STARTUP_PLAN_V1","Outlook startup plan","Records plan-only Outlook startup guidance without closing Outlook or changing data.","Plan-only guidance","Outlook","low","candidate","action-layers/windows/end-user/app-self-help-v1","action-layers/windows/end-user/app-self-help-v1/scripts/checks/461-outlook-startup-plan.ps1","true","true","true","false"
"ENDUSER_APPSELFHELP_OUTLOOK_CACHE_PLAN_V1","Outlook cache guidance plan","Records plan-only cache guidance without touching OST/PST files.","Plan-only guidance","Outlook","low","candidate","action-layers/windows/end-user/app-self-help-v1","action-layers/windows/end-user/app-self-help-v1/scripts/checks/462-outlook-cache-plan.ps1","true","true","true","false"
"ENDUSER_APPSELFHELP_WORD_PROCESS_COUNT_V1","Word process count","Counts Word processes without reading documents.","App self-help check","Word","low","candidate","action-layers/windows/end-user/app-self-help-v1","action-layers/windows/end-user/app-self-help-v1/scripts/checks/463-word-process-count.ps1","true","true","true","false"
"ENDUSER_APPSELFHELP_WORD_FILE_ASSOC_DOC_V1","DOC association presence","Checks whether a DOC file association is present without recording handler values.","File association check","Word","low","candidate","action-layers/windows/end-user/app-self-help-v1","action-layers/windows/end-user/app-self-help-v1/scripts/checks/464-word-file-assoc-doc.ps1","true","true","true","false"
"ENDUSER_APPSELFHELP_WORD_FILE_ASSOC_DOCM_V1","DOCM association presence","Checks whether a DOCM file association is present without recording handler values.","File association check","Word","low","candidate","action-layers/windows/end-user/app-self-help-v1","action-layers/windows/end-user/app-self-help-v1/scripts/checks/465-word-file-assoc-docm.ps1","true","true","true","false"
"ENDUSER_APPSELFHELP_WORD_TEMPLATE_PLAN_V1","Word template guidance plan","Records plan-only Word template guidance without changing templates.","Plan-only guidance","Word","low","candidate","action-layers/windows/end-user/app-self-help-v1","action-layers/windows/end-user/app-self-help-v1/scripts/checks/466-word-template-plan.ps1","true","true","true","false"
"ENDUSER_APPSELFHELP_EXCEL_PROCESS_COUNT_V1","Excel process count","Counts Excel processes without reading workbooks.","App self-help check","Excel","low","candidate","action-layers/windows/end-user/app-self-help-v1","action-layers/windows/end-user/app-self-help-v1/scripts/checks/467-excel-process-count.ps1","true","true","true","false"
"ENDUSER_APPSELFHELP_EXCEL_FILE_ASSOC_XLS_V1","XLS association presence","Checks whether an XLS file association is present without recording handler values.","File association check","Excel","low","candidate","action-layers/windows/end-user/app-self-help-v1","action-layers/windows/end-user/app-self-help-v1/scripts/checks/468-excel-file-assoc-xls.ps1","true","true","true","false"
"ENDUSER_APPSELFHELP_EXCEL_FILE_ASSOC_XLSM_V1","XLSM association presence","Checks whether an XLSM file association is present without recording handler values.","File association check","Excel","low","candidate","action-layers/windows/end-user/app-self-help-v1","action-layers/windows/end-user/app-self-help-v1/scripts/checks/469-excel-file-assoc-xlsm.ps1","true","true","true","false"
"ENDUSER_APPSELFHELP_EXCEL_SAFE_MODE_PLAN_V1","Excel safe mode guidance plan","Records plan-only Excel safe mode guidance without launching or changing Excel.","Plan-only guidance","Excel","low","candidate","action-layers/windows/end-user/app-self-help-v1","action-layers/windows/end-user/app-self-help-v1/scripts/checks/470-excel-safe-mode-plan.ps1","true","true","true","false"
"ENDUSER_APPSELFHELP_POWERPOINT_PROCESS_COUNT_V1","PowerPoint process count","Counts PowerPoint processes without reading presentations.","App self-help check","PowerPoint","low","candidate","action-layers/windows/end-user/app-self-help-v1","action-layers/windows/end-user/app-self-help-v1/scripts/checks/471-powerpoint-process-count.ps1","true","true","true","false"
"ENDUSER_APPSELFHELP_POWERPOINT_FILE_ASSOC_PPT_V1","PPT association presence","Checks whether a PPT file association is present without recording handler values.","File association check","PowerPoint","low","candidate","action-layers/windows/end-user/app-self-help-v1","action-layers/windows/end-user/app-self-help-v1/scripts/checks/472-powerpoint-file-assoc-ppt.ps1","true","true","true","false"
"ENDUSER_APPSELFHELP_POWERPOINT_FILE_ASSOC_PPTX_V1","PPTX association presence","Checks whether a PPTX file association is present without recording handler values.","File association check","PowerPoint","low","candidate","action-layers/windows/end-user/app-self-help-v1","action-layers/windows/end-user/app-self-help-v1/scripts/checks/473-powerpoint-file-assoc-pptx.ps1","true","true","true","false"
"ENDUSER_APPSELFHELP_POWERPOINT_SAFE_MODE_PLAN_V1","PowerPoint safe mode guidance plan","Records plan-only PowerPoint safe mode guidance without launching or changing PowerPoint.","Plan-only guidance","PowerPoint","low","candidate","action-layers/windows/end-user/app-self-help-v1","action-layers/windows/end-user/app-self-help-v1/scripts/checks/474-powerpoint-safe-mode-plan.ps1","true","true","true","false"
"ENDUSER_APPSELFHELP_TEAMS_PROCESS_GROUP_V1","Teams process group count","Counts Teams processes without reading chat data.","App self-help check","Teams","low","candidate","action-layers/windows/end-user/app-self-help-v1","action-layers/windows/end-user/app-self-help-v1/scripts/checks/475-teams-process-group.ps1","true","true","true","false"
"ENDUSER_APPSELFHELP_TEAMS_APPX_PACKAGE_COUNT_V1","Teams Appx package count","Counts user-visible Teams Appx packages without reading account data.","App self-help check","Teams","low","candidate","action-layers/windows/end-user/app-self-help-v1","action-layers/windows/end-user/app-self-help-v1/scripts/checks/476-teams-appx-package-count.ps1","true","true","true","false"
"ENDUSER_APPSELFHELP_TEAMS_CACHE_FOLDER_PRESENCE_V1","Teams classic cache folder presence","Checks Teams classic cache folder presence without listing contents.","Cache visibility check","Teams","low","candidate","action-layers/windows/end-user/app-self-help-v1","action-layers/windows/end-user/app-self-help-v1/scripts/checks/477-teams-cache-folder-presence.ps1","true","true","true","false"
"ENDUSER_APPSELFHELP_TEAMS_NEW_CACHE_FOLDER_PRESENCE_V1","New Teams cache folder presence","Checks New Teams cache folder presence without listing contents.","Cache visibility check","Teams","low","candidate","action-layers/windows/end-user/app-self-help-v1","action-layers/windows/end-user/app-self-help-v1/scripts/checks/478-teams-new-cache-folder-presence.ps1","true","true","true","false"
"ENDUSER_APPSELFHELP_TEAMS_EVENT_COUNT_24H_V1","Teams adjacent event count 24h","Counts recent Application warnings/errors as a Teams-adjacent signal without collecting raw events.","App self-help check","Teams","low","candidate","action-layers/windows/end-user/app-self-help-v1","action-layers/windows/end-user/app-self-help-v1/scripts/checks/479-teams-event-count-24h.ps1","true","true","true","false"
"ENDUSER_APPSELFHELP_TEAMS_OPEN_APPS_SETTINGS_V1","Open Apps settings for Teams review","Opens Windows Apps settings so the user can inspect Teams installation entries.","Open user-help surface","Teams","low","candidate","action-layers/windows/end-user/app-self-help-v1","action-layers/windows/end-user/app-self-help-v1/scripts/checks/480-teams-open-apps-settings.ps1","true","true","true","false"
"ENDUSER_APPSELFHELP_TEAMS_RESTART_PLAN_V1","Teams restart guidance plan","Records plan-only Teams restart guidance without closing Teams.","Plan-only guidance","Teams","low","candidate","action-layers/windows/end-user/app-self-help-v1","action-layers/windows/end-user/app-self-help-v1/scripts/checks/481-teams-restart-plan.ps1","true","true","true","false"
"ENDUSER_APPSELFHELP_TEAMS_CACHE_CLEAR_PLAN_V1","Teams cache guidance plan","Records plan-only Teams cache guidance without deleting cache files.","Plan-only guidance","Teams","low","candidate","action-layers/windows/end-user/app-self-help-v1","action-layers/windows/end-user/app-self-help-v1/scripts/checks/482-teams-cache-clear-plan.ps1","true","true","true","false"
"ENDUSER_APPSELFHELP_ONEDRIVE_PROCESS_COUNT_V1","OneDrive process count","Counts OneDrive processes without reading synced file names.","App self-help check","OneDrive","low","candidate","action-layers/windows/end-user/app-self-help-v1","action-layers/windows/end-user/app-self-help-v1/scripts/checks/483-onedrive-process-count.ps1","true","true","true","false"
"ENDUSER_APPSELFHELP_ONEDRIVE_SYNC_ROOT_ENV_PRESENCE_V1","OneDrive sync environment presence","Checks OneDrive environment variable presence without recording values.","Environment presence","OneDrive","low","candidate","action-layers/windows/end-user/app-self-help-v1","action-layers/windows/end-user/app-self-help-v1/scripts/checks/484-onedrive-sync-root-env-presence.ps1","true","true","true","false"
"ENDUSER_APPSELFHELP_ONEDRIVE_REG_ACCOUNT_PRESENCE_V2","OneDrive account registry presence","Checks OneDrive account registry presence without recording account names or values.","Registry presence","OneDrive","low","candidate","action-layers/windows/end-user/app-self-help-v1","action-layers/windows/end-user/app-self-help-v1/scripts/checks/485-onedrive-reg-account-presence-v2.ps1","true","true","true","false"
"ENDUSER_APPSELFHELP_ONEDRIVE_LOGS_FOLDER_PRESENCE_V1","OneDrive logs folder presence","Checks OneDrive logs folder presence without listing log contents.","Cache visibility check","OneDrive","low","candidate","action-layers/windows/end-user/app-self-help-v1","action-layers/windows/end-user/app-self-help-v1/scripts/checks/486-onedrive-logs-folder-presence.ps1","true","true","true","false"
"ENDUSER_APPSELFHELP_ONEDRIVE_SETUP_COMMAND_PRESENCE_V1","OneDrive setup command presence","Checks common OneDrive setup command presence without launching it.","Command presence","OneDrive","low","candidate","action-layers/windows/end-user/app-self-help-v1","action-layers/windows/end-user/app-self-help-v1/scripts/checks/487-onedrive-setup-command-presence.ps1","true","true","true","false"
"ENDUSER_APPSELFHELP_ONEDRIVE_EVENT_COUNT_24H_V1","OneDrive adjacent event count 24h","Counts recent Application warnings/errors as a OneDrive-adjacent signal without collecting raw events.","App self-help check","OneDrive","low","candidate","action-layers/windows/end-user/app-self-help-v1","action-layers/windows/end-user/app-self-help-v1/scripts/checks/488-onedrive-event-count-24h.ps1","true","true","true","false"
"ENDUSER_APPSELFHELP_ONEDRIVE_OPEN_FOLDER_PLAN_V1","OneDrive open-folder guidance plan","Records plan-only OneDrive folder guidance without opening private paths.","Plan-only guidance","OneDrive","low","candidate","action-layers/windows/end-user/app-self-help-v1","action-layers/windows/end-user/app-self-help-v1/scripts/checks/489-onedrive-open-folder-plan.ps1","true","true","true","false"
"ENDUSER_APPSELFHELP_ONEDRIVE_RESTART_PLAN_V1","OneDrive restart guidance plan","Records plan-only OneDrive restart guidance without closing OneDrive.","Plan-only guidance","OneDrive","low","candidate","action-layers/windows/end-user/app-self-help-v1","action-layers/windows/end-user/app-self-help-v1/scripts/checks/490-onedrive-restart-plan.ps1","true","true","true","false"
"ENDUSER_APPSELFHELP_ACROBAT_PROCESS_COUNT_V1","Acrobat process count","Counts Acrobat processes without reading PDFs.","App self-help check","Adobe Acrobat","low","candidate","action-layers/windows/end-user/app-self-help-v1","action-layers/windows/end-user/app-self-help-v1/scripts/checks/491-acrobat-process-count.ps1","true","true","true","false"
"ENDUSER_APPSELFHELP_READER_PROCESS_COUNT_V1","Adobe Reader process count","Counts Adobe Reader processes without reading PDFs.","App self-help check","Adobe Acrobat","low","candidate","action-layers/windows/end-user/app-self-help-v1","action-layers/windows/end-user/app-self-help-v1/scripts/checks/492-reader-process-count.ps1","true","true","true","false"
"ENDUSER_APPSELFHELP_ADOBE_FOLDER_PRESENCE_V1","Adobe app data folder presence","Checks Adobe app data folder presence without listing contents.","Cache visibility check","Adobe Acrobat","low","candidate","action-layers/windows/end-user/app-self-help-v1","action-layers/windows/end-user/app-self-help-v1/scripts/checks/493-adobe-folder-presence.ps1","true","true","true","false"
"ENDUSER_APPSELFHELP_ACROBAT_USER_FOLDER_PRESENCE_V1","Acrobat user folder presence","Checks Acrobat user folder presence without listing contents.","Cache visibility check","Adobe Acrobat","low","candidate","action-layers/windows/end-user/app-self-help-v1","action-layers/windows/end-user/app-self-help-v1/scripts/checks/494-acrobat-user-folder-presence.ps1","true","true","true","false"
"ENDUSER_APPSELFHELP_PDF_FILE_ASSOC_V1","PDF association presence","Checks whether a PDF file association is present without recording handler values.","File association check","PDF / Default apps","low","candidate","action-layers/windows/end-user/app-self-help-v1","action-layers/windows/end-user/app-self-help-v1/scripts/checks/495-pdf-file-assoc.ps1","true","true","true","false"
"ENDUSER_APPSELFHELP_PDF_DEFAULT_APP_PLAN_V1","PDF default app guidance plan","Records plan-only PDF default app guidance without changing defaults.","Plan-only guidance","PDF / Default apps","low","candidate","action-layers/windows/end-user/app-self-help-v1","action-layers/windows/end-user/app-self-help-v1/scripts/checks/496-pdf-default-app-plan.ps1","true","true","true","false"
"ENDUSER_APPSELFHELP_ACROBAT_CACHE_PLAN_V1","Acrobat cache guidance plan","Records plan-only Acrobat cache guidance without deleting cache files.","Plan-only guidance","Adobe Acrobat","low","candidate","action-layers/windows/end-user/app-self-help-v1","action-layers/windows/end-user/app-self-help-v1/scripts/checks/497-acrobat-cache-plan.ps1","true","true","true","false"
"ENDUSER_APPSELFHELP_ACROBAT_RESTART_PLAN_V1","Acrobat restart guidance plan","Records plan-only Acrobat restart guidance without closing Acrobat.","Plan-only guidance","Adobe Acrobat","low","candidate","action-layers/windows/end-user/app-self-help-v1","action-layers/windows/end-user/app-self-help-v1/scripts/checks/498-acrobat-restart-plan.ps1","true","true","true","false"
"ENDUSER_APPSELFHELP_EDGE_PROCESS_COUNT_V1","Edge process count","Counts Edge processes without reading browsing data.","App self-help check","Edge","low","candidate","action-layers/windows/end-user/app-self-help-v1","action-layers/windows/end-user/app-self-help-v1/scripts/checks/499-edge-process-count.ps1","true","true","true","false"
"ENDUSER_APPSELFHELP_EDGE_USER_DATA_FOLDER_PRESENCE_V1","Edge user data folder presence","Checks Edge user data folder presence without listing contents.","Cache visibility check","Edge","low","candidate","action-layers/windows/end-user/app-self-help-v1","action-layers/windows/end-user/app-self-help-v1/scripts/checks/500-edge-user-data-folder-presence.ps1","true","true","true","false"
"ENDUSER_APPSELFHELP_EDGE_FILE_ASSOC_HTML_V1","HTML association presence","Checks HTML association presence without recording handler values.","File association check","Edge","low","candidate","action-layers/windows/end-user/app-self-help-v1","action-layers/windows/end-user/app-self-help-v1/scripts/checks/501-edge-file-assoc-html.ps1","true","true","true","false"
"ENDUSER_APPSELFHELP_EDGE_HTTP_ASSOC_PRESENCE_V1","HTTP association presence","Checks HTTP association presence without recording handler values.","Registry presence","Edge","low","candidate","action-layers/windows/end-user/app-self-help-v1","action-layers/windows/end-user/app-self-help-v1/scripts/checks/502-edge-http-assoc.ps1","true","true","true","false"
"ENDUSER_APPSELFHELP_EDGE_HTTPS_ASSOC_PRESENCE_V1","HTTPS association presence","Checks HTTPS association presence without recording handler values.","Registry presence","Edge","low","candidate","action-layers/windows/end-user/app-self-help-v1","action-layers/windows/end-user/app-self-help-v1/scripts/checks/503-edge-https-assoc.ps1","true","true","true","false"
"ENDUSER_APPSELFHELP_EDGE_EVENT_COUNT_24H_V1","Edge adjacent event count 24h","Counts recent Application warnings/errors as an Edge-adjacent signal without collecting raw events.","App self-help check","Edge","low","candidate","action-layers/windows/end-user/app-self-help-v1","action-layers/windows/end-user/app-self-help-v1/scripts/checks/504-edge-event-count-24h.ps1","true","true","true","false"
"ENDUSER_APPSELFHELP_EDGE_CACHE_CLEAR_PLAN_V1","Edge cache guidance plan","Records plan-only Edge cache guidance without deleting cache files.","Plan-only guidance","Edge","low","candidate","action-layers/windows/end-user/app-self-help-v1","action-layers/windows/end-user/app-self-help-v1/scripts/checks/505-edge-cache-clear-plan.ps1","true","true","true","false"
"ENDUSER_APPSELFHELP_EDGE_RESET_SETTINGS_PLAN_V1","Edge reset settings guidance plan","Records plan-only Edge reset guidance without changing settings.","Plan-only guidance","Edge","low","candidate","action-layers/windows/end-user/app-self-help-v1","action-layers/windows/end-user/app-self-help-v1/scripts/checks/506-edge-reset-settings-plan.ps1","true","true","true","false"
"ENDUSER_APPSELFHELP_CHROME_PROCESS_COUNT_V1","Chrome process count","Counts Chrome processes without reading browsing data.","App self-help check","Chrome","low","candidate","action-layers/windows/end-user/app-self-help-v1","action-layers/windows/end-user/app-self-help-v1/scripts/checks/507-chrome-process-count.ps1","true","true","true","false"
"ENDUSER_APPSELFHELP_CHROME_USER_DATA_FOLDER_PRESENCE_V1","Chrome user data folder presence","Checks Chrome user data folder presence without listing contents.","Cache visibility check","Chrome","low","candidate","action-layers/windows/end-user/app-self-help-v1","action-layers/windows/end-user/app-self-help-v1/scripts/checks/508-chrome-user-data-folder-presence.ps1","true","true","true","false"
"ENDUSER_APPSELFHELP_CHROME_FILE_ASSOC_HTML_V1","HTML association presence for browser review","Checks HTML association presence without recording handler values.","File association check","Chrome","low","candidate","action-layers/windows/end-user/app-self-help-v1","action-layers/windows/end-user/app-self-help-v1/scripts/checks/509-chrome-file-assoc-html.ps1","true","true","true","false"
"ENDUSER_APPSELFHELP_CHROME_CACHE_CLEAR_PLAN_V1","Chrome cache guidance plan","Records plan-only Chrome cache guidance without deleting cache files.","Plan-only guidance","Chrome","low","candidate","action-layers/windows/end-user/app-self-help-v1","action-layers/windows/end-user/app-self-help-v1/scripts/checks/510-chrome-cache-clear-plan.ps1","true","true","true","false"
"ENDUSER_APPSELFHELP_CHROME_RESET_SETTINGS_PLAN_V1","Chrome reset settings guidance plan","Records plan-only Chrome reset guidance without changing settings.","Plan-only guidance","Chrome","low","candidate","action-layers/windows/end-user/app-self-help-v1","action-layers/windows/end-user/app-self-help-v1/scripts/checks/511-chrome-reset-settings-plan.ps1","true","true","true","false"
"ENDUSER_APPSELFHELP_DEFAULT_APPS_SETTINGS_OPEN_V1","Open Default apps settings","Opens Windows Default apps settings for user-controlled review.","Open user-help surface","Default apps","low","candidate","action-layers/windows/end-user/app-self-help-v1","action-layers/windows/end-user/app-self-help-v1/scripts/checks/512-default-apps-settings-open.ps1","true","true","true","false"
"ENDUSER_APPSELFHELP_FILE_ASSOC_PDF_V1","PDF file association presence","Checks PDF file association presence without recording handler values.","File association check","Default apps","low","candidate","action-layers/windows/end-user/app-self-help-v1","action-layers/windows/end-user/app-self-help-v1/scripts/checks/513-file-assoc-pdf.ps1","true","true","true","false"
"ENDUSER_APPSELFHELP_FILE_ASSOC_HTM_V1","HTM file association presence","Checks HTM file association presence without recording handler values.","File association check","Default apps","low","candidate","action-layers/windows/end-user/app-self-help-v1","action-layers/windows/end-user/app-self-help-v1/scripts/checks/514-file-assoc-htm.ps1","true","true","true","false"
"ENDUSER_APPSELFHELP_FILE_ASSOC_HTML_V1","HTML file association presence","Checks HTML file association presence without recording handler values.","File association check","Default apps","low","candidate","action-layers/windows/end-user/app-self-help-v1","action-layers/windows/end-user/app-self-help-v1/scripts/checks/515-file-assoc-html.ps1","true","true","true","false"
"ENDUSER_APPSELFHELP_FILE_ASSOC_TXT_V1","TXT file association presence","Checks TXT file association presence without recording handler values.","File association check","Default apps","low","candidate","action-layers/windows/end-user/app-self-help-v1","action-layers/windows/end-user/app-self-help-v1/scripts/checks/516-file-assoc-txt.ps1","true","true","true","false"
"ENDUSER_APPSELFHELP_FILE_ASSOC_CSV_V1","CSV file association presence","Checks CSV file association presence without recording handler values.","File association check","Default apps","low","candidate","action-layers/windows/end-user/app-self-help-v1","action-layers/windows/end-user/app-self-help-v1/scripts/checks/517-file-assoc-csv.ps1","true","true","true","false"
"ENDUSER_APPSELFHELP_FILE_ASSOC_ZIP_V1","ZIP file association presence","Checks ZIP file association presence without recording handler values.","File association check","Default apps","low","candidate","action-layers/windows/end-user/app-self-help-v1","action-layers/windows/end-user/app-self-help-v1/scripts/checks/518-file-assoc-zip.ps1","true","true","true","false"
"ENDUSER_APPSELFHELP_FILE_ASSOC_JPG_V1","JPG file association presence","Checks JPG file association presence without recording handler values.","File association check","Default apps","low","candidate","action-layers/windows/end-user/app-self-help-v1","action-layers/windows/end-user/app-self-help-v1/scripts/checks/519-file-assoc-jpg.ps1","true","true","true","false"
"ENDUSER_APPSELFHELP_FILE_ASSOC_PNG_V1","PNG file association presence","Checks PNG file association presence without recording handler values.","File association check","Default apps","low","candidate","action-layers/windows/end-user/app-self-help-v1","action-layers/windows/end-user/app-self-help-v1/scripts/checks/520-file-assoc-png.ps1","true","true","true","false"
"ENDUSER_APPSELFHELP_PRINTER_SETTINGS_OPEN_V1","Open Printers settings","Opens Windows Printers settings for user-controlled review.","Open user-help surface","Printers","low","candidate","action-layers/windows/end-user/app-self-help-v1","action-layers/windows/end-user/app-self-help-v1/scripts/checks/521-printer-settings-open.ps1","true","true","true","false"
"ENDUSER_APPSELFHELP_DEFAULT_PRINTER_PRESENCE_V2","Default printer presence","Checks default printer presence without recording printer names.","Registry presence","Printers","low","candidate","action-layers/windows/end-user/app-self-help-v1","action-layers/windows/end-user/app-self-help-v1/scripts/checks/522-default-printer-presence-v2.ps1","true","true","true","false"
"ENDUSER_APPSELFHELP_PRINT_SPOOLER_STATUS_V2","Print Spooler service status","Checks Print Spooler service status without changing it.","App self-help check","Printers","low","candidate","action-layers/windows/end-user/app-self-help-v1","action-layers/windows/end-user/app-self-help-v1/scripts/checks/523-print-spooler-status-v2.ps1","true","true","true","false"
"ENDUSER_APPSELFHELP_SCANNER_CAMERA_SETTINGS_OPEN_V1","Open Bluetooth & devices settings","Opens Windows Bluetooth & devices settings for printer/scanner review.","Open user-help surface","Devices","low","candidate","action-layers/windows/end-user/app-self-help-v1","action-layers/windows/end-user/app-self-help-v1/scripts/checks/524-scanner-camera-settings-open.ps1","true","true","true","false"
"ENDUSER_APPSELFHELP_DISPLAY_SETTINGS_OPEN_V1","Open Display settings","Opens Windows Display settings for user-controlled review.","Open user-help surface","Display","low","candidate","action-layers/windows/end-user/app-self-help-v1","action-layers/windows/end-user/app-self-help-v1/scripts/checks/525-display-settings-open.ps1","true","true","true","false"
"ENDUSER_APPSELFHELP_SOUND_SETTINGS_OPEN_V1","Open Sound settings","Opens Windows Sound settings for user-controlled review.","Open user-help surface","Audio","low","candidate","action-layers/windows/end-user/app-self-help-v1","action-layers/windows/end-user/app-self-help-v1/scripts/checks/526-sound-settings-open.ps1","true","true","true","false"
"ENDUSER_APPSELFHELP_MICROPHONE_SETTINGS_OPEN_V1","Open Microphone privacy settings","Opens Windows Microphone privacy settings for user-controlled review.","Open user-help surface","Audio","low","candidate","action-layers/windows/end-user/app-self-help-v1","action-layers/windows/end-user/app-self-help-v1/scripts/checks/527-microphone-settings-open.ps1","true","true","true","false"
"ENDUSER_APPSELFHELP_CAMERA_PRIVACY_SETTINGS_OPEN_V1","Open Camera privacy settings","Opens Windows Camera privacy settings for user-controlled review.","Open user-help surface","Camera","low","candidate","action-layers/windows/end-user/app-self-help-v1","action-layers/windows/end-user/app-self-help-v1/scripts/checks/528-camera-privacy-settings-open.ps1","true","true","true","false"
"ENDUSER_APPSELFHELP_KEYBOARD_SETTINGS_OPEN_V1","Open Keyboard settings","Opens Windows Keyboard settings for user-controlled review.","Open user-help surface","Input","low","candidate","action-layers/windows/end-user/app-self-help-v1","action-layers/windows/end-user/app-self-help-v1/scripts/checks/529-keyboard-settings-open.ps1","true","true","true","false"
"ENDUSER_APPSELFHELP_MOUSE_SETTINGS_OPEN_V1","Open Mouse settings","Opens Windows Mouse settings for user-controlled review.","Open user-help surface","Input","low","candidate","action-layers/windows/end-user/app-self-help-v1","action-layers/windows/end-user/app-self-help-v1/scripts/checks/530-mouse-settings-open.ps1","true","true","true","false"
"ENDUSER_APPSELFHELP_PROXY_SETTINGS_OPEN_V1","Open Proxy settings","Opens Windows Proxy settings for user-controlled review.","Open user-help surface","Network","low","candidate","action-layers/windows/end-user/app-self-help-v1","action-layers/windows/end-user/app-self-help-v1/scripts/checks/531-proxy-settings-open.ps1","true","true","true","false"
"ENDUSER_APPSELFHELP_VPN_SETTINGS_OPEN_V1","Open VPN settings","Opens Windows VPN settings for user-controlled review.","Open user-help surface","Network","low","candidate","action-layers/windows/end-user/app-self-help-v1","action-layers/windows/end-user/app-self-help-v1/scripts/checks/532-vpn-settings-open.ps1","true","true","true","false"
"ENDUSER_APPSELFHELP_WIFI_SETTINGS_OPEN_V1","Open Wi-Fi settings","Opens Windows Wi-Fi settings for user-controlled review.","Open user-help surface","Network","low","candidate","action-layers/windows/end-user/app-self-help-v1","action-layers/windows/end-user/app-self-help-v1/scripts/checks/533-wifi-settings-open.ps1","true","true","true","false"
"ENDUSER_APPSELFHELP_NETWORK_TROUBLESHOOTER_OPEN_V1","Open Network status settings","Opens Windows Network status settings for user-controlled review.","Open user-help surface","Network","low","candidate","action-layers/windows/end-user/app-self-help-v1","action-layers/windows/end-user/app-self-help-v1/scripts/checks/534-network-troubleshooter-open.ps1","true","true","true","false"
"ENDUSER_APPSELFHELP_WINGET_COMMAND_PRESENCE_V1","Winget command presence","Checks whether winget is available without installing or updating anything.","Command presence","Apps","low","candidate","action-layers/windows/end-user/app-self-help-v1","action-layers/windows/end-user/app-self-help-v1/scripts/checks/535-winget-command-presence.ps1","true","true","true","false"
"ENDUSER_APPSELFHELP_STORE_CACHE_PLAN_V1","Microsoft Store cache guidance plan","Records plan-only Microsoft Store cache guidance without running wsreset.","Plan-only guidance","Apps","low","candidate","action-layers/windows/end-user/app-self-help-v1","action-layers/windows/end-user/app-self-help-v1/scripts/checks/536-store-cache-plan.ps1","true","true","true","false"
"ENDUSER_APPSELFHELP_SUPPORT_EVIDENCE_ROOT_SUMMARY_V1","Support evidence root summary","Counts existing NOVΛK™ B2 local evidence directories without listing names.","Evidence summary","Support evidence","low","candidate","action-layers/windows/end-user/app-self-help-v1","action-layers/windows/end-user/app-self-help-v1/scripts/checks/537-app-support-evidence-root-summary.ps1","true","true","true","false"
"ENDUSER_APPSELFHELP_RUNBOOK_PLAN_V1","App self-help runbook plan","Records plan-only guidance for app self-help workflow.","Plan-only guidance","Support evidence","low","candidate","action-layers/windows/end-user/app-self-help-v1","action-layers/windows/end-user/app-self-help-v1/scripts/checks/538-app-self-help-runbook-plan.ps1","true","true","true","false"
"ENDUSER_APPSELFHELP_HELPDESK_ESCALATION_PROMPT_PLAN_V1","Help desk escalation prompt plan","Records plan-only guidance for ticket-ready escalation after safe self-help.","Plan-only guidance","Help desk evidence","low","candidate","action-layers/windows/end-user/app-self-help-v1","action-layers/windows/end-user/app-self-help-v1/scripts/checks/539-app-helpdesk-escalation-prompt-plan.ps1","true","true","true","false"
"ENDUSER_APPSELFHELP_SAFETY_BOUNDARY_V1","App self-help safety boundary","Records the safety boundary for app self-help actions without changing the system.","Plan-only guidance","Governance","low","candidate","action-layers/windows/end-user/app-self-help-v1","action-layers/windows/end-user/app-self-help-v1/scripts/checks/540-app-self-help-safety-boundary.ps1","true","true","true","false"
