"number","action_id","title","issue_area","action_type","script","tier","status","risk_tier","requires_admin","requires_runtime_input","mutation_capable","stores_credentials","stores_target_inventory"
"341","ENDUSER_EVERYDAY_PATH_HEALTH_DESKTOP_V1","Desktop path health","Folders / profile","Path health","action-layers/windows/end-user/everyday-no-admin-v6/scripts/checks/341-path-health-desktop.ps1","End User Self-Service","CANDIDATE_LOCAL_TEST","LOW_READONLY","False","False","False","False","False"
"342","ENDUSER_EVERYDAY_PATH_HEALTH_DOCUMENTS_V1","Documents path health","Folders / profile","Path health","action-layers/windows/end-user/everyday-no-admin-v6/scripts/checks/342-path-health-documents.ps1","End User Self-Service","CANDIDATE_LOCAL_TEST","LOW_READONLY","False","False","False","False","False"
"343","ENDUSER_EVERYDAY_PATH_HEALTH_DOWNLOADS_V1","Downloads path health","Folders / profile","Path health","action-layers/windows/end-user/everyday-no-admin-v6/scripts/checks/343-path-health-downloads.ps1","End User Self-Service","CANDIDATE_LOCAL_TEST","LOW_READONLY","False","False","False","False","False"
"344","ENDUSER_EVERYDAY_PATH_HEALTH_PICTURES_V1","Pictures path health","Folders / profile","Path health","action-layers/windows/end-user/everyday-no-admin-v6/scripts/checks/344-path-health-pictures.ps1","End User Self-Service","CANDIDATE_LOCAL_TEST","LOW_READONLY","False","False","False","False","False"
"345","ENDUSER_EVERYDAY_PATH_HEALTH_VIDEOS_V1","Videos path health","Folders / profile","Path health","action-layers/windows/end-user/everyday-no-admin-v6/scripts/checks/345-path-health-videos.ps1","End User Self-Service","CANDIDATE_LOCAL_TEST","LOW_READONLY","False","False","False","False","False"
"346","ENDUSER_EVERYDAY_PATH_HEALTH_MUSIC_V1","Music path health","Folders / profile","Path health","action-layers/windows/end-user/everyday-no-admin-v6/scripts/checks/346-path-health-music.ps1","End User Self-Service","CANDIDATE_LOCAL_TEST","LOW_READONLY","False","False","False","False","False"
"347","ENDUSER_EVERYDAY_PATH_HEALTH_USERPROFILE_V1","UserProfile path health","Folders / profile","Path health","action-layers/windows/end-user/everyday-no-admin-v6/scripts/checks/347-path-health-userprofile.ps1","End User Self-Service","CANDIDATE_LOCAL_TEST","LOW_READONLY","False","False","False","False","False"
"348","ENDUSER_EVERYDAY_OLD_FILES_DESKTOP_30D_V1","Desktop files older than 30 days summary","Folders / cleanup","Old file summary","action-layers/windows/end-user/everyday-no-admin-v6/scripts/checks/348-old-files-desktop-30d.ps1","End User Self-Service","CANDIDATE_LOCAL_TEST","LOW_READONLY","False","False","False","False","False"
"349","ENDUSER_EVERYDAY_OLD_FILES_DESKTOP_90D_V1","Desktop files older than 90 days summary","Folders / cleanup","Old file summary","action-layers/windows/end-user/everyday-no-admin-v6/scripts/checks/349-old-files-desktop-90d.ps1","End User Self-Service","CANDIDATE_LOCAL_TEST","LOW_READONLY","False","False","False","False","False"
"350","ENDUSER_EVERYDAY_OFFICE_EXT_DESKTOP_V1","Desktop Office/PDF extension summary","Documents / Office","Extension summary","action-layers/windows/end-user/everyday-no-admin-v6/scripts/checks/350-office-ext-desktop.ps1","End User Self-Service","CANDIDATE_LOCAL_TEST","LOW_READONLY","False","False","False","False","False"
"351","ENDUSER_EVERYDAY_OLD_FILES_DOCUMENTS_30D_V1","Documents files older than 30 days summary","Folders / cleanup","Old file summary","action-layers/windows/end-user/everyday-no-admin-v6/scripts/checks/351-old-files-documents-30d.ps1","End User Self-Service","CANDIDATE_LOCAL_TEST","LOW_READONLY","False","False","False","False","False"
"352","ENDUSER_EVERYDAY_OLD_FILES_DOCUMENTS_90D_V1","Documents files older than 90 days summary","Folders / cleanup","Old file summary","action-layers/windows/end-user/everyday-no-admin-v6/scripts/checks/352-old-files-documents-90d.ps1","End User Self-Service","CANDIDATE_LOCAL_TEST","LOW_READONLY","False","False","False","False","False"
"353","ENDUSER_EVERYDAY_OFFICE_EXT_DOCUMENTS_V1","Documents Office/PDF extension summary","Documents / Office","Extension summary","action-layers/windows/end-user/everyday-no-admin-v6/scripts/checks/353-office-ext-documents.ps1","End User Self-Service","CANDIDATE_LOCAL_TEST","LOW_READONLY","False","False","False","False","False"
"354","ENDUSER_EVERYDAY_OLD_FILES_DOWNLOADS_30D_V1","Downloads files older than 30 days summary","Folders / cleanup","Old file summary","action-layers/windows/end-user/everyday-no-admin-v6/scripts/checks/354-old-files-downloads-30d.ps1","End User Self-Service","CANDIDATE_LOCAL_TEST","LOW_READONLY","False","False","False","False","False"
"355","ENDUSER_EVERYDAY_OLD_FILES_DOWNLOADS_90D_V1","Downloads files older than 90 days summary","Folders / cleanup","Old file summary","action-layers/windows/end-user/everyday-no-admin-v6/scripts/checks/355-old-files-downloads-90d.ps1","End User Self-Service","CANDIDATE_LOCAL_TEST","LOW_READONLY","False","False","False","False","False"
"356","ENDUSER_EVERYDAY_OFFICE_EXT_DOWNLOADS_V1","Downloads Office/PDF extension summary","Documents / Office","Extension summary","action-layers/windows/end-user/everyday-no-admin-v6/scripts/checks/356-office-ext-downloads.ps1","End User Self-Service","CANDIDATE_LOCAL_TEST","LOW_READONLY","False","False","False","False","False"
"357","ENDUSER_EVERYDAY_ENV_OFFICE_PRESENCE_V1","Office-related environment variable presence","Office","Environment presence","action-layers/windows/end-user/everyday-no-admin-v6/scripts/checks/357-env-office-presence.ps1","End User Self-Service","CANDIDATE_LOCAL_TEST","LOW_READONLY","False","False","False","False","False"
"358","ENDUSER_EVERYDAY_ENV_USER_PROFILE_PRESENCE_V1","User profile environment variable presence","Profile","Environment presence","action-layers/windows/end-user/everyday-no-admin-v6/scripts/checks/358-env-user-profile-presence.ps1","End User Self-Service","CANDIDATE_LOCAL_TEST","LOW_READONLY","False","False","False","False","False"
"359","ENDUSER_EVERYDAY_ENV_PATH_PRESENCE_V1","PATH environment variable presence","Windows runtime","Environment presence","action-layers/windows/end-user/everyday-no-admin-v6/scripts/checks/359-env-path-presence.ps1","End User Self-Service","CANDIDATE_LOCAL_TEST","LOW_READONLY","False","False","False","False","False"
"360","ENDUSER_EVERYDAY_ENV_PROXY_PRESENCE_V2_V1","Proxy environment variable presence","Network / proxy","Environment presence","action-layers/windows/end-user/everyday-no-admin-v6/scripts/checks/360-env-proxy-presence-v2.ps1","End User Self-Service","CANDIDATE_LOCAL_TEST","LOW_READONLY","False","False","False","False","False"
"361","ENDUSER_EVERYDAY_COMMAND_WHERE_EXE_V1","where.exe command availability","Tool availability","Command availability","action-layers/windows/end-user/everyday-no-admin-v6/scripts/checks/361-command-where-exe.ps1","End User Self-Service","CANDIDATE_LOCAL_TEST","LOW_READONLY","False","False","False","False","False"
"362","ENDUSER_EVERYDAY_COMMAND_WHOAMI_EXE_V1","whoami.exe command availability","Tool availability","Command availability","action-layers/windows/end-user/everyday-no-admin-v6/scripts/checks/362-command-whoami-exe.ps1","End User Self-Service","CANDIDATE_LOCAL_TEST","LOW_READONLY","False","False","False","False","False"
"363","ENDUSER_EVERYDAY_COMMAND_HOSTNAME_EXE_V1","hostname.exe command availability","Tool availability","Command availability","action-layers/windows/end-user/everyday-no-admin-v6/scripts/checks/363-command-hostname-exe.ps1","End User Self-Service","CANDIDATE_LOCAL_TEST","LOW_READONLY","False","False","False","False","False"
"364","ENDUSER_EVERYDAY_COMMAND_NET_EXE_V1","net.exe command availability","Tool availability","Command availability","action-layers/windows/end-user/everyday-no-admin-v6/scripts/checks/364-command-net-exe.ps1","End User Self-Service","CANDIDATE_LOCAL_TEST","LOW_READONLY","False","False","False","False","False"
"365","ENDUSER_EVERYDAY_COMMAND_NETSTAT_EXE_V1","netstat.exe command availability","Tool availability","Command availability","action-layers/windows/end-user/everyday-no-admin-v6/scripts/checks/365-command-netstat-exe.ps1","End User Self-Service","CANDIDATE_LOCAL_TEST","LOW_READONLY","False","False","False","False","False"
"366","ENDUSER_EVERYDAY_COMMAND_PATHPING_EXE_V1","pathping.exe command availability","Tool availability","Command availability","action-layers/windows/end-user/everyday-no-admin-v6/scripts/checks/366-command-pathping-exe.ps1","End User Self-Service","CANDIDATE_LOCAL_TEST","LOW_READONLY","False","False","False","False","False"
"367","ENDUSER_EVERYDAY_COMMAND_ROUTE_EXE_V1","route.exe command availability","Tool availability","Command availability","action-layers/windows/end-user/everyday-no-admin-v6/scripts/checks/367-command-route-exe.ps1","End User Self-Service","CANDIDATE_LOCAL_TEST","LOW_READONLY","False","False","False","False","False"
"368","ENDUSER_EVERYDAY_COMMAND_ARP_EXE_V1","arp.exe command availability","Tool availability","Command availability","action-layers/windows/end-user/everyday-no-admin-v6/scripts/checks/368-command-arp-exe.ps1","End User Self-Service","CANDIDATE_LOCAL_TEST","LOW_READONLY","False","False","False","False","False"
"369","ENDUSER_EVERYDAY_COMMAND_POWERSHELL_EXE_V1","powershell.exe command availability","Tool availability","Command availability","action-layers/windows/end-user/everyday-no-admin-v6/scripts/checks/369-command-powershell-exe.ps1","End User Self-Service","CANDIDATE_LOCAL_TEST","LOW_READONLY","False","False","False","False","False"
"370","ENDUSER_EVERYDAY_COMMAND_CMD_EXE_V1","cmd.exe command availability","Tool availability","Command availability","action-layers/windows/end-user/everyday-no-admin-v6/scripts/checks/370-command-cmd-exe.ps1","End User Self-Service","CANDIDATE_LOCAL_TEST","LOW_READONLY","False","False","False","False","False"
"371","ENDUSER_EVERYDAY_COMMAND_CONTROL_EXE_V1","control.exe command availability","Tool availability","Command availability","action-layers/windows/end-user/everyday-no-admin-v6/scripts/checks/371-command-control-exe.ps1","End User Self-Service","CANDIDATE_LOCAL_TEST","LOW_READONLY","False","False","False","False","False"
"372","ENDUSER_EVERYDAY_COMMAND_MSINFO32_EXE_V1","msinfo32.exe command availability","Tool availability","Command availability","action-layers/windows/end-user/everyday-no-admin-v6/scripts/checks/372-command-msinfo32-exe.ps1","End User Self-Service","CANDIDATE_LOCAL_TEST","LOW_READONLY","False","False","False","False","False"
"373","ENDUSER_EVERYDAY_COMMAND_PERFMON_EXE_V1","perfmon.exe command availability","Tool availability","Command availability","action-layers/windows/end-user/everyday-no-admin-v6/scripts/checks/373-command-perfmon-exe.ps1","End User Self-Service","CANDIDATE_LOCAL_TEST","LOW_READONLY","False","False","False","False","False"
"374","ENDUSER_EVERYDAY_COMMAND_CLEANMGR_EXE_V1","cleanmgr.exe command availability","Tool availability","Command availability","action-layers/windows/end-user/everyday-no-admin-v6/scripts/checks/374-command-cleanmgr-exe.ps1","End User Self-Service","CANDIDATE_LOCAL_TEST","LOW_READONLY","False","False","False","False","False"
"375","ENDUSER_EVERYDAY_COMMAND_EVENTVWR_MSC_V1","eventvwr.msc command availability","Tool availability","Command availability","action-layers/windows/end-user/everyday-no-admin-v6/scripts/checks/375-command-eventvwr-msc.ps1","End User Self-Service","CANDIDATE_LOCAL_TEST","LOW_READONLY","False","False","False","False","False"
"376","ENDUSER_EVERYDAY_COMMAND_COMPMGMT_MSC_V1","compmgmt.msc command availability","Tool availability","Command availability","action-layers/windows/end-user/everyday-no-admin-v6/scripts/checks/376-command-compmgmt-msc.ps1","End User Self-Service","CANDIDATE_LOCAL_TEST","LOW_READONLY","False","False","False","False","False"
"377","ENDUSER_EVERYDAY_COMMAND_DXDIAG_EXE_V1","dxdiag.exe command availability","Tool availability","Command availability","action-layers/windows/end-user/everyday-no-admin-v6/scripts/checks/377-command-dxdiag-exe.ps1","End User Self-Service","CANDIDATE_LOCAL_TEST","LOW_READONLY","False","False","False","False","False"
"378","ENDUSER_EVERYDAY_COMMAND_MAGNIFY_EXE_V1","magnify.exe command availability","Tool availability","Command availability","action-layers/windows/end-user/everyday-no-admin-v6/scripts/checks/378-command-magnify-exe.ps1","End User Self-Service","CANDIDATE_LOCAL_TEST","LOW_READONLY","False","False","False","False","False"
"379","ENDUSER_EVERYDAY_COMMAND_OSK_EXE_V1","osk.exe command availability","Tool availability","Command availability","action-layers/windows/end-user/everyday-no-admin-v6/scripts/checks/379-command-osk-exe.ps1","End User Self-Service","CANDIDATE_LOCAL_TEST","LOW_READONLY","False","False","False","False","False"
"380","ENDUSER_EVERYDAY_COMMAND_SNIPPINGTOOL_EXE_V1","snippingtool.exe command availability","Tool availability","Command availability","action-layers/windows/end-user/everyday-no-admin-v6/scripts/checks/380-command-snippingtool-exe.ps1","End User Self-Service","CANDIDATE_LOCAL_TEST","LOW_READONLY","False","False","False","False","False"
"381","ENDUSER_EVERYDAY_BROWSER_PROCESS_GROUP_V1","Browser process group count","Process / apps","Process group count","action-layers/windows/end-user/everyday-no-admin-v6/scripts/checks/381-browser-process-group.ps1","End User Self-Service","CANDIDATE_LOCAL_TEST","LOW_READONLY","False","False","False","False","False"
"382","ENDUSER_EVERYDAY_OFFICE_PROCESS_GROUP_V1","Office process group count","Process / apps","Process group count","action-layers/windows/end-user/everyday-no-admin-v6/scripts/checks/382-office-process-group.ps1","End User Self-Service","CANDIDATE_LOCAL_TEST","LOW_READONLY","False","False","False","False","False"
"383","ENDUSER_EVERYDAY_COLLABORATION_PROCESS_GROUP_V1","Collaboration process group count","Process / apps","Process group count","action-layers/windows/end-user/everyday-no-admin-v6/scripts/checks/383-collaboration-process-group.ps1","End User Self-Service","CANDIDATE_LOCAL_TEST","LOW_READONLY","False","False","False","False","False"
"384","ENDUSER_EVERYDAY_SHELL_PROCESS_GROUP_V1","Windows shell process group count","Process / apps","Process group count","action-layers/windows/end-user/everyday-no-admin-v6/scripts/checks/384-shell-process-group.ps1","End User Self-Service","CANDIDATE_LOCAL_TEST","LOW_READONLY","False","False","False","False","False"
"385","ENDUSER_EVERYDAY_SECURITY_PROCESS_GROUP_V1","Security/Defender process group count","Process / apps","Process group count","action-layers/windows/end-user/everyday-no-admin-v6/scripts/checks/385-security-process-group.ps1","End User Self-Service","CANDIDATE_LOCAL_TEST","LOW_READONLY","False","False","False","False","False"
"386","ENDUSER_EVERYDAY_PDF_PROCESS_GROUP_V1","PDF process group count","Process / apps","Process group count","action-layers/windows/end-user/everyday-no-admin-v6/scripts/checks/386-pdf-process-group.ps1","End User Self-Service","CANDIDATE_LOCAL_TEST","LOW_READONLY","False","False","False","False","False"
"387","ENDUSER_EVERYDAY_SYNC_PROCESS_GROUP_V1","Sync process group count","Process / apps","Process group count","action-layers/windows/end-user/everyday-no-admin-v6/scripts/checks/387-sync-process-group.ps1","End User Self-Service","CANDIDATE_LOCAL_TEST","LOW_READONLY","False","False","False","False","False"
"388","ENDUSER_EVERYDAY_REMOTE_ACCESS_PROCESS_GROUP_V1","Remote access process group count","Process / apps","Process group count","action-layers/windows/end-user/everyday-no-admin-v6/scripts/checks/388-remote-access-process-group.ps1","End User Self-Service","CANDIDATE_LOCAL_TEST","LOW_READONLY","False","False","False","False","False"
"389","ENDUSER_EVERYDAY_CORE_NETWORK_SERVICES_V1","Core network service group status","Service groups","Service group status","action-layers/windows/end-user/everyday-no-admin-v6/scripts/checks/389-core-network-services.ps1","End User Self-Service","CANDIDATE_LOCAL_TEST","LOW_READONLY","False","False","False","False","False"
"390","ENDUSER_EVERYDAY_CORE_WINDOWS_SERVICES_V1","Core Windows service group status","Service groups","Service group status","action-layers/windows/end-user/everyday-no-admin-v6/scripts/checks/390-core-windows-services.ps1","End User Self-Service","CANDIDATE_LOCAL_TEST","LOW_READONLY","False","False","False","False","False"
"391","ENDUSER_EVERYDAY_FILE_SHARING_SERVICES_V1","File sharing related service group status","Service groups","Service group status","action-layers/windows/end-user/everyday-no-admin-v6/scripts/checks/391-file-sharing-services.ps1","End User Self-Service","CANDIDATE_LOCAL_TEST","LOW_READONLY","False","False","False","False","False"
"392","ENDUSER_EVERYDAY_SECURITY_SERVICES_V1","Security related service group status","Service groups","Service group status","action-layers/windows/end-user/everyday-no-admin-v6/scripts/checks/392-security-services.ps1","End User Self-Service","CANDIDATE_LOCAL_TEST","LOW_READONLY","False","False","False","False","False"
"393","ENDUSER_EVERYDAY_PRINTER_SERVICES_V1","Printer related service group status","Service groups","Service group status","action-layers/windows/end-user/everyday-no-admin-v6/scripts/checks/393-printer-services.ps1","End User Self-Service","CANDIDATE_LOCAL_TEST","LOW_READONLY","False","False","False","False","False"
"394","ENDUSER_EVERYDAY_BLUETOOTH_WIFI_SERVICES_V1","Bluetooth and Wi-Fi service group status","Service groups","Service group status","action-layers/windows/end-user/everyday-no-admin-v6/scripts/checks/394-bluetooth-wifi-services.ps1","End User Self-Service","CANDIDATE_LOCAL_TEST","LOW_READONLY","False","False","False","False","False"
"395","ENDUSER_EVERYDAY_REMOTE_ACCESS_SERVICES_V1","Remote access service group status","Service groups","Service group status","action-layers/windows/end-user/everyday-no-admin-v6/scripts/checks/395-remote-access-services.ps1","End User Self-Service","CANDIDATE_LOCAL_TEST","LOW_READONLY","False","False","False","False","False"
"396","ENDUSER_EVERYDAY_PROFILE_SERVICES_V1","Profile related service group status","Service groups","Service group status","action-layers/windows/end-user/everyday-no-admin-v6/scripts/checks/396-profile-services.ps1","End User Self-Service","CANDIDATE_LOCAL_TEST","LOW_READONLY","False","False","False","False","False"
"397","ENDUSER_EVERYDAY_EVENTS_APP_HANG_7D_V1","Application hang event count last 7 days","Application health","Event count","action-layers/windows/end-user/everyday-no-admin-v6/scripts/checks/397-events-app-hang-7d.ps1","End User Self-Service","CANDIDATE_LOCAL_TEST","LOW_READONLY","False","False","False","False","False"
"398","ENDUSER_EVERYDAY_EVENTS_APP_ERROR_7D_V1","Application error event count last 7 days","Application health","Event count","action-layers/windows/end-user/everyday-no-admin-v6/scripts/checks/398-events-app-error-7d.ps1","End User Self-Service","CANDIDATE_LOCAL_TEST","LOW_READONLY","False","False","False","False","False"
"399","ENDUSER_EVERYDAY_EVENTS_WINDOWS_ERROR_REPORTING_7D_V1","Windows Error Reporting event count last 7 days","Application health","Event count","action-layers/windows/end-user/everyday-no-admin-v6/scripts/checks/399-events-windows-error-reporting-7d.ps1","End User Self-Service","CANDIDATE_LOCAL_TEST","LOW_READONLY","False","False","False","False","False"
"400","ENDUSER_EVERYDAY_EVENTS_DNS_CLIENT_24H_V1","DNS Client event count last 24h","Network / DNS","Event count","action-layers/windows/end-user/everyday-no-admin-v6/scripts/checks/400-events-dns-client-24h.ps1","End User Self-Service","CANDIDATE_LOCAL_TEST","LOW_READONLY","False","False","False","False","False"
"401","ENDUSER_EVERYDAY_EVENTS_DHCP_24H_V1","DHCP event count last 24h","Network","Event count","action-layers/windows/end-user/everyday-no-admin-v6/scripts/checks/401-events-dhcp-24h.ps1","End User Self-Service","CANDIDATE_LOCAL_TEST","LOW_READONLY","False","False","False","False","False"
"402","ENDUSER_EVERYDAY_EVENTS_NLA_24H_V1","Network Location Awareness event count last 24h","Network","Event count","action-layers/windows/end-user/everyday-no-admin-v6/scripts/checks/402-events-nla-24h.ps1","End User Self-Service","CANDIDATE_LOCAL_TEST","LOW_READONLY","False","False","False","False","False"
"403","ENDUSER_EVERYDAY_EVENTS_SMBCLIENT_7D_V1","SMB client event count last 7 days","File access / SMB","Event count","action-layers/windows/end-user/everyday-no-admin-v6/scripts/checks/403-events-smbclient-7d.ps1","End User Self-Service","CANDIDATE_LOCAL_TEST","LOW_READONLY","False","False","False","False","False"
"404","ENDUSER_EVERYDAY_EVENTS_OFFLINEFILES_7D_V1","Offline Files event count last 7 days","File access / Offline Files","Event count","action-layers/windows/end-user/everyday-no-admin-v6/scripts/checks/404-events-offlinefiles-7d.ps1","End User Self-Service","CANDIDATE_LOCAL_TEST","LOW_READONLY","False","False","False","False","False"
"405","ENDUSER_EVERYDAY_EVENTS_USERPROFILE_7D_V1","User Profile Service event count last 7 days","Profile","Event count","action-layers/windows/end-user/everyday-no-admin-v6/scripts/checks/405-events-userprofile-7d.ps1","End User Self-Service","CANDIDATE_LOCAL_TEST","LOW_READONLY","False","False","False","False","False"
"406","ENDUSER_EVERYDAY_EVENTS_PRINT_7D_V1","Print event count last 7 days","Printers","Event count","action-layers/windows/end-user/everyday-no-admin-v6/scripts/checks/406-events-print-7d.ps1","End User Self-Service","CANDIDATE_LOCAL_TEST","LOW_READONLY","False","False","False","False","False"
"407","ENDUSER_EVERYDAY_EVENTS_KERNEL_POWER_7D_V1","Kernel-Power event count last 7 days","Power / stability","Event count","action-layers/windows/end-user/everyday-no-admin-v6/scripts/checks/407-events-kernel-power-7d.ps1","End User Self-Service","CANDIDATE_LOCAL_TEST","LOW_READONLY","False","False","False","False","False"
"408","ENDUSER_EVERYDAY_EVENTS_DISK_7D_V1","Disk event count last 7 days","Disk / storage","Event count","action-layers/windows/end-user/everyday-no-admin-v6/scripts/checks/408-events-disk-7d.ps1","End User Self-Service","CANDIDATE_LOCAL_TEST","LOW_READONLY","False","False","False","False","False"
"409","ENDUSER_EVERYDAY_EVENTS_DEFENDER_7D_V1","Defender event count last 7 days","Security","Event count","action-layers/windows/end-user/everyday-no-admin-v6/scripts/checks/409-events-defender-7d.ps1","End User Self-Service","CANDIDATE_LOCAL_TEST","LOW_READONLY","False","False","False","False","False"
"410","ENDUSER_EVERYDAY_EVENTS_TASK_SCHEDULER_7D_V1","Task Scheduler event count last 7 days","Task Scheduler","Event count","action-layers/windows/end-user/everyday-no-admin-v6/scripts/checks/410-events-task-scheduler-7d.ps1","End User Self-Service","CANDIDATE_LOCAL_TEST","LOW_READONLY","False","False","False","False","False"
"411","ENDUSER_EVERYDAY_EVENTS_POWERSHELL_7D_V1","PowerShell event count last 7 days","PowerShell","Event count","action-layers/windows/end-user/everyday-no-admin-v6/scripts/checks/411-events-powershell-7d.ps1","End User Self-Service","CANDIDATE_LOCAL_TEST","LOW_READONLY","False","False","False","False","False"
"412","ENDUSER_EVERYDAY_REG_EXPLORER_ADVANCED_HIDDEN_V1","Explorer hidden files setting presence","Explorer / shell","Registry presence","action-layers/windows/end-user/everyday-no-admin-v6/scripts/checks/412-reg-explorer-advanced-hidden.ps1","End User Self-Service","CANDIDATE_LOCAL_TEST","LOW_READONLY","False","False","False","False","False"
"413","ENDUSER_EVERYDAY_REG_EXPLORER_SHOW_SUPER_HIDDEN_V1","Explorer super hidden setting presence","Explorer / shell","Registry presence","action-layers/windows/end-user/everyday-no-admin-v6/scripts/checks/413-reg-explorer-show-super-hidden.ps1","End User Self-Service","CANDIDATE_LOCAL_TEST","LOW_READONLY","False","False","False","False","False"
"414","ENDUSER_EVERYDAY_REG_EXPLORER_HIDE_FILE_EXT_V1","Explorer hide file extensions setting presence","Explorer / shell","Registry presence","action-layers/windows/end-user/everyday-no-admin-v6/scripts/checks/414-reg-explorer-hide-file-ext.ps1","End User Self-Service","CANDIDATE_LOCAL_TEST","LOW_READONLY","False","False","False","False","False"
"415","ENDUSER_EVERYDAY_REG_RUN_KEY_PRESENCE_V1","Current-user Run key presence","Startup","Registry presence","action-layers/windows/end-user/everyday-no-admin-v6/scripts/checks/415-reg-run-key-presence.ps1","End User Self-Service","CANDIDATE_LOCAL_TEST","LOW_READONLY","False","False","False","False","False"
"416","ENDUSER_EVERYDAY_REG_ONEDRIVE_ACCOUNTS_PRESENCE_V1","OneDrive accounts key presence","OneDrive","Registry presence","action-layers/windows/end-user/everyday-no-admin-v6/scripts/checks/416-reg-onedrive-accounts-presence.ps1","End User Self-Service","CANDIDATE_LOCAL_TEST","LOW_READONLY","False","False","False","False","False"
"417","ENDUSER_EVERYDAY_REG_TERMINAL_CLIENT_PRESENCE_V1","Terminal Server Client key presence","Remote access","Registry presence","action-layers/windows/end-user/everyday-no-admin-v6/scripts/checks/417-reg-terminal-client-presence.ps1","End User Self-Service","CANDIDATE_LOCAL_TEST","LOW_READONLY","False","False","False","False","False"
"418","ENDUSER_EVERYDAY_CERT_MY_COUNT_V2_V1","Current user My certificate count","Certificates","Certificate count","action-layers/windows/end-user/everyday-no-admin-v6/scripts/checks/418-cert-my-count-v2.ps1","End User Self-Service","CANDIDATE_LOCAL_TEST","LOW_READONLY","False","False","False","False","False"
"419","ENDUSER_EVERYDAY_CERT_ROOT_COUNT_V2_V1","Current user Root certificate count","Certificates","Certificate count","action-layers/windows/end-user/everyday-no-admin-v6/scripts/checks/419-cert-root-count-v2.ps1","End User Self-Service","CANDIDATE_LOCAL_TEST","LOW_READONLY","False","False","False","False","False"
"420","ENDUSER_EVERYDAY_CERT_CA_COUNT_V2_V1","Current user CA certificate count","Certificates","Certificate count","action-layers/windows/end-user/everyday-no-admin-v6/scripts/checks/420-cert-ca-count-v2.ps1","End User Self-Service","CANDIDATE_LOCAL_TEST","LOW_READONLY","False","False","False","False","False"
"421","ENDUSER_EVERYDAY_CIM_SOUND_DEVICE_COUNT_V1","Sound device count","Devices","CIM count","action-layers/windows/end-user/everyday-no-admin-v6/scripts/checks/421-cim-sound-device-count.ps1","End User Self-Service","CANDIDATE_LOCAL_TEST","LOW_READONLY","False","False","False","False","False"
"422","ENDUSER_EVERYDAY_CIM_USB_CONTROLLER_COUNT_V1","USB controller count","Devices","CIM count","action-layers/windows/end-user/everyday-no-admin-v6/scripts/checks/422-cim-usb-controller-count.ps1","End User Self-Service","CANDIDATE_LOCAL_TEST","LOW_READONLY","False","False","False","False","False"
"423","ENDUSER_EVERYDAY_CIM_DESKTOP_MONITOR_COUNT_V1","Desktop monitor count","Devices","CIM count","action-layers/windows/end-user/everyday-no-admin-v6/scripts/checks/423-cim-desktop-monitor-count.ps1","End User Self-Service","CANDIDATE_LOCAL_TEST","LOW_READONLY","False","False","False","False","False"
"424","ENDUSER_EVERYDAY_CIM_KEYBOARD_COUNT_V1","Keyboard count","Devices","CIM count","action-layers/windows/end-user/everyday-no-admin-v6/scripts/checks/424-cim-keyboard-count.ps1","End User Self-Service","CANDIDATE_LOCAL_TEST","LOW_READONLY","False","False","False","False","False"
"425","ENDUSER_EVERYDAY_CIM_POINTING_DEVICE_COUNT_V1","Pointing device count","Devices","CIM count","action-layers/windows/end-user/everyday-no-admin-v6/scripts/checks/425-cim-pointing-device-count.ps1","End User Self-Service","CANDIDATE_LOCAL_TEST","LOW_READONLY","False","False","False","False","False"
"426","ENDUSER_EVERYDAY_SCHEDULED_TASK_SUMMARY_V2_V1","Scheduled task summary","Task Scheduler","Scheduled task summary","action-layers/windows/end-user/everyday-no-admin-v6/scripts/checks/426-scheduled-task-summary-v2.ps1","End User Self-Service","CANDIDATE_LOCAL_TEST","LOW_READONLY","False","False","False","False","False"
"427","ENDUSER_EVERYDAY_NETWORK_STATE_COUNT_V2_V1","TCP network state count","Network","Network state count","action-layers/windows/end-user/everyday-no-admin-v6/scripts/checks/427-network-state-count-v2.ps1","End User Self-Service","CANDIDATE_LOCAL_TEST","LOW_READONLY","False","False","False","False","False"
"428","ENDUSER_EVERYDAY_COMMAND_OPTIONAL_TOOL_88_V1","Optional Windows tool availability 88","Tool availability","Command availability","action-layers/windows/end-user/everyday-no-admin-v6/scripts/checks/428-command-optional-tool-88.ps1","End User Self-Service","CANDIDATE_LOCAL_TEST","LOW_READONLY","False","False","False","False","False"
"429","ENDUSER_EVERYDAY_COMMAND_OPTIONAL_TOOL_89_V1","Optional Windows tool availability 89","Tool availability","Command availability","action-layers/windows/end-user/everyday-no-admin-v6/scripts/checks/429-command-optional-tool-89.ps1","End User Self-Service","CANDIDATE_LOCAL_TEST","LOW_READONLY","False","False","False","False","False"
"430","ENDUSER_EVERYDAY_COMMAND_OPTIONAL_TOOL_90_V1","Optional Windows tool availability 90","Tool availability","Command availability","action-layers/windows/end-user/everyday-no-admin-v6/scripts/checks/430-command-optional-tool-90.ps1","End User Self-Service","CANDIDATE_LOCAL_TEST","LOW_READONLY","False","False","False","False","False"
"431","ENDUSER_EVERYDAY_COMMAND_OPTIONAL_TOOL_91_V1","Optional Windows tool availability 91","Tool availability","Command availability","action-layers/windows/end-user/everyday-no-admin-v6/scripts/checks/431-command-optional-tool-91.ps1","End User Self-Service","CANDIDATE_LOCAL_TEST","LOW_READONLY","False","False","False","False","False"
"432","ENDUSER_EVERYDAY_COMMAND_OPTIONAL_TOOL_92_V1","Optional Windows tool availability 92","Tool availability","Command availability","action-layers/windows/end-user/everyday-no-admin-v6/scripts/checks/432-command-optional-tool-92.ps1","End User Self-Service","CANDIDATE_LOCAL_TEST","LOW_READONLY","False","False","False","False","False"
"433","ENDUSER_EVERYDAY_COMMAND_OPTIONAL_TOOL_93_V1","Optional Windows tool availability 93","Tool availability","Command availability","action-layers/windows/end-user/everyday-no-admin-v6/scripts/checks/433-command-optional-tool-93.ps1","End User Self-Service","CANDIDATE_LOCAL_TEST","LOW_READONLY","False","False","False","False","False"
"434","ENDUSER_EVERYDAY_COMMAND_OPTIONAL_TOOL_94_V1","Optional Windows tool availability 94","Tool availability","Command availability","action-layers/windows/end-user/everyday-no-admin-v6/scripts/checks/434-command-optional-tool-94.ps1","End User Self-Service","CANDIDATE_LOCAL_TEST","LOW_READONLY","False","False","False","False","False"
"435","ENDUSER_EVERYDAY_COMMAND_OPTIONAL_TOOL_95_V1","Optional Windows tool availability 95","Tool availability","Command availability","action-layers/windows/end-user/everyday-no-admin-v6/scripts/checks/435-command-optional-tool-95.ps1","End User Self-Service","CANDIDATE_LOCAL_TEST","LOW_READONLY","False","False","False","False","False"
"436","ENDUSER_EVERYDAY_COMMAND_OPTIONAL_TOOL_96_V1","Optional Windows tool availability 96","Tool availability","Command availability","action-layers/windows/end-user/everyday-no-admin-v6/scripts/checks/436-command-optional-tool-96.ps1","End User Self-Service","CANDIDATE_LOCAL_TEST","LOW_READONLY","False","False","False","False","False"
"437","ENDUSER_EVERYDAY_COMMAND_OPTIONAL_TOOL_97_V1","Optional Windows tool availability 97","Tool availability","Command availability","action-layers/windows/end-user/everyday-no-admin-v6/scripts/checks/437-command-optional-tool-97.ps1","End User Self-Service","CANDIDATE_LOCAL_TEST","LOW_READONLY","False","False","False","False","False"
"438","ENDUSER_EVERYDAY_COMMAND_OPTIONAL_TOOL_98_V1","Optional Windows tool availability 98","Tool availability","Command availability","action-layers/windows/end-user/everyday-no-admin-v6/scripts/checks/438-command-optional-tool-98.ps1","End User Self-Service","CANDIDATE_LOCAL_TEST","LOW_READONLY","False","False","False","False","False"
"439","ENDUSER_EVERYDAY_COMMAND_OPTIONAL_TOOL_99_V1","Optional Windows tool availability 99","Tool availability","Command availability","action-layers/windows/end-user/everyday-no-admin-v6/scripts/checks/439-command-optional-tool-99.ps1","End User Self-Service","CANDIDATE_LOCAL_TEST","LOW_READONLY","False","False","False","False","False"
"440","ENDUSER_EVERYDAY_COMMAND_OPTIONAL_TOOL_100_V1","Optional Windows tool availability 100","Tool availability","Command availability","action-layers/windows/end-user/everyday-no-admin-v6/scripts/checks/440-command-optional-tool-100.ps1","End User Self-Service","CANDIDATE_LOCAL_TEST","LOW_READONLY","False","False","False","False","False"
